{"cameraMode":{"drawMode":0,"name":"Shaded","section":"Shading Mode"},"sceneLighting":true,"audioPlay":false,"sceneViewState":{"m_AlwaysRefresh":true,"showFog":true,"showSkybox":true,"showFlares":true,"showImageEffects":true,"showParticleSystems":true,"showVisualEffectGraphs":true,"m_FxEnabled":true},"in2DMode":false,"pivot":{"x":-16.683629989624025,"y":-2.1614227294921877,"z":-0.40433454513549807},"rotation":{"x":0.3467291593551636,"y":0.1233217790722847,"z":-0.04599246010184288,"w":0.9287156462669373},"size":21.27506446838379,"orthographic":false}